Anthochortus_capensis	0Elegia_cuspidata	0Elegia_fenestrata	0Elegia_tectorum	0Elegia_verreauxii	0Restio_bifidus	0Restio_dodii_var_dodii	0Restio_dodii_var_purpurascens	0Restio_festuciformis	0Restio_paludosus	0Restio_paniculatus	0Restio_papillosus	0Restio_rigoratus	0Restio_sabulosus	0Anthochortus_crinalis	1Anthochortus_ecklonii	1Anthochortus_graminifolius	1Anthochortus_insignis	1Anthochortus_laxiflorus	1Askidiosperma_insigne	1Elegia_asperiflora	1Elegia_atratiflora	1Elegia_caespitosa	1Elegia_capensis	1Elegia_coleura	1Elegia_decipiens	1Elegia_dregeana	1Elegia_fistulosa	1Elegia_fucata	1Elegia_grandispicata	1Elegia_hutchinsonii	1Elegia_intermedia	1Elegia_neesii	1Elegia_thyrsifera	1Hydrophilus_rattrayi3	1Nevillea_singularis	1Nevillea_vlokii	1Platycaulos_acutus	1Platycaulos_anceps	1Platycaulos_callistachyus	1Platycaulos_cascadensis	1Platycaulos_compressus	1Platycaulos_depauperatus	1Platycaulos_major	1Platycaulos_subcompressus	1Restio_brunneus	1Restio_capillaris2	1Restio_clandestinus	1Restio_colliculospermus	1Restio_communis	1Restio_confusus	1Restio_curviramis	1Restio_echinatus	1Restio_ejuncidus	1Restio_gossypinus	1Restio_implicatus	1Restio_inveteratus	1Restio_leptostachyus	1Restio_miser	1Restio_nudiflorus	1Restio_nuwebergensis	1Restio_perseverans	1Restio_purpurascens	1Restio_quadratus	1Restio_rarus	1Restio_rivulus	1Restio_rottboellioides	1Restio_saroclados	1Restio_scaberulus	1Restio_subtilis	1Restio_tenuissimus	1Restio_uniflorus	1Restio_verrucosus	1Restio_wallichii	1Rhodocoma_gracilis	1Soroveta_ambigua	1Willdenowia_rugosa	1Cannomois_arenicola	2Ceratocaryum_argenteum	2Ceratocaryum_pulchrum	2Elegia_acockii	2Elegia_elephantina	2Elegia_extensa	2Elegia_microcarpa	2Elegia_muirii	2Elegia_nuda	2Elegia_prominens	2Elegia_recta	2Elegia_squamosa	2Elegia_stipularis	2Hypodiscus_procurrens	2Hypodiscus_rigidus	2Hypodiscus_willdenowia	2Mastersiella_digitata	2Mastersiella_spathulata	2Restio_acockii	2Restio_adpressus	2Restio_albotuberculatus	2Restio_anomalus	2Restio_caespitosus	2Restio_calcicola	2Restio_duthieae	2Restio_eleocharis	2Restio_femineus	2Restio_harveyi	2Restio_hyalinus	2Restio_impolitus	2Restio_leptoclados	2Restio_micans	2Restio_monanthos	2Restio_multiflorus	2Restio_praeacutus	2Restio_pratensis	2Restio_pulcher	2Restio_quinquefarius	2Restio_sporadicus	2Restio_tenuispicatus	2Restio_triflora	2Restio_triticeus	2Staberoha_distachyos	2Staberoha_multispicula	2Thamnochortus_bachmannii	2Thamnochortus_dumosus	2Thamnochortus_erectus	2Thamnochortus_fraternus	2Thamnochortus_fruticosus	2Thamnochortus_gracilis	2Thamnochortus_guthrieae	2Thamnochortus_insignis	2Thamnochortus_muirii	2Thamnochortus_obtusus	2Thamnochortus_paniculatus	2Thamnochortus_pellucidus	2Thamnochortus_pluristachyus	2Thamnochortus_punctatus	2Thamnochortus_spicigerus	2Thamnochortus_sporadicus	2Willdenowia_incurvata	2Anthochortus_singularis	3Askidiosperma_albo_aristatum	3Askidiosperma_alticolum	3Askidiosperma_andreaeanum	3Askidiosperma_capitatum	3Askidiosperma_chartaceum	3Askidiosperma_delicatulum	3Askidiosperma_esterhuyseniae	3Askidiosperma_longiflorum	3Askidiosperma_nitidum	3Askidiosperma_paniculatum	3Askidiosperma_rugosum	3Cannomois_anfracta	3Cannomois_congesta	3Cannomois_grandis	3Cannomois_nitida	3Cannomois_parviflora	3Cannomois_primosii	3Cannomois_robusta	3Cannomois_schlechteri	3Cannomois_scirpoides	3Cannomois_spicata	3Cannomois_virgata	3Ceratocaryum_caespitosum	3Ceratocaryum_decipiens	3Ceratocaryum_fimbriatum	3Ceratocaryum_fistulosum	3Ceratocaryum_persistens	3Ceratocaryum_xerophilum	3Elegia_aggregata	3Elegia_amoena	3Elegia_deustum	3Elegia_ebracteata	3Elegia_equisetacea	3Elegia_esterhuyseniae	3Elegia_filacea	3Elegia_galpinii	3Elegia_grandis	3Elegia_hookeriana	3Elegia_juncea	3Elegia_macrocarpa	3Elegia_mucronata	3Elegia_namaquense	3Elegia_persistens	3Elegia_racemosa	3Elegia_rigida	3Elegia_spathacea	3Elegia_stokoei	3Elegia_thyrsoidea	3Elegia_vaginulata	3Hypodiscus_albo_aristatum2	3Hypodiscus_alternans	3Hypodiscus_argenteus	3Hypodiscus_aristatus	3Hypodiscus_laevigatus	3Hypodiscus_montanus	3Hypodiscus_neesii	3Hypodiscus_rugosus	3Hypodiscus_squamosus	3Hypodiscus_striatus	3Hypodiscus_sulcatus	3Hypodiscus_synchroolepis	3Mastersiella_purpurea2	3Nevillea_obtusissima	3Restio_alticola	3Restio_andreaeanus	3Restio_arcuatus	3Restio_aridus	3Restio_asperus	3Restio_aureolus	3Restio_bifarius	3Restio_bifurcus	3Restio_bolusii	3Restio_brachiatus	3Restio_burchellii	3Restio_capensis	3Restio_cedarbergensis	3Restio_cincinnatus	3Restio_coactilis	3Restio_constipatus	3Restio_corneolus	3Restio_curvibracteatus	3Restio_debilis	3Restio_decipiens	3Restio_degenerans	3Restio_dispar	3Restio_distans	3Restio_distichus	3Restio_distractus	3Restio_distylis	3Restio_durus	3Restio_egregius	3Restio_elsieae	3Restio_esterhuyseniae	3Restio_filiformis	3Restio_fragilis	3Restio_fuscidulus	3Restio_fusiformis	3Restio_hystrix	3Restio_inconspicuus	3Restio_ingens	3Restio_insignis	3Restio_karooicus	3Restio_laniger	3Restio_levynsiae	3Restio_longiaristatus	3Restio_luxurians	3Restio_macer3	3Restio_marlothii	3Restio_monostylis	3Restio_muirii	3Restio_nanus	3Restio_nodosus	3Restio_obscurus	3Restio_occultus	3Restio_ocreatus	3Restio_pachystachyus	3Restio_papyraceus	3Restio_parthenocarpos	3Restio_parvispiculus	3Restio_peculiaris	3Restio_pedicellatus	3Restio_pillansii	3Restio_pulvinatus	3Restio_pumilus	3Restio_pygmaeus	3Restio_ramosissimus	3Restio_rigidus	3Restio_rudolfii2	3Restio_secundus	3Restio_sejunctus	3Restio_setiger	3Restio_sieberi	3Restio_similis	3Restio_singularis	3Restio_stokoei	3Restio_strictus	3Restio_strobilifer	3Restio_subverticellatus	3Restio_tuberculatus	3Restio_unispicatus	3Restio_vallis_simius	3Restio_versatilis	3Restio_villosus	3Restio_vimineus	3Restio_virgeus	3Restio_wittebergensis	3Restio_zwartbergensis	3Rhodocoma_alpina	3Rhodocoma_arida	3Rhodocoma_capensis	3Rhodocoma_foliosa	3Rhodocoma_fruticosa	3Rhodocoma_gigantea	3Rhodocoma_vleibergensis	3Staberoha_aemula	3Staberoha_banksii	3Staberoha_cernua	3Staberoha_ornata	3Staberoha_remota	3Staberoha_stokoei	3Staberoha_vaginata	3Thamnochortus_acuminatus	3Thamnochortus_arenarius	3Thamnochortus_cinereus	3Thamnochortus_glaber	3Thamnochortus_karooica	3Thamnochortus_levynsiae	3Thamnochortus_lucens	3Thamnochortus_nutans	3Thamnochortus_papyraceus	3Thamnochortus_platypteris	3Thamnochortus_pulcher	3Thamnochortus_rigidus	3Thamnochortus_schlechteri	3Thamnochortus_stokoei	3Willdenowia_arescens	3Willdenowia_bolusii	3Willdenowia_glomerata	3Willdenowia_humilis	3Willdenowia_purpurea	3Willdenowia_stokoei	3Willdenowia_sulcata	3Willdenowia_teres	3
Elegia_altigena	?
Platycaulos_galpinii	?
Platycaulos_mahonii_ssp_mahonii	?
Platycaulos_mlanjiensis	?
Platycaulos_quartziticola	?
Re_sp_affp	?
Restio_cymosus	?
Restio_diffusus	?
Restio_nubigenus	?
Restio_patens	?
Restio_schoenoides	?
Restio_sp	?
Restio_tetragonus	?
Restio_venustulus	?
Restio_zuluensis	?